-- Fruits
INSERT INTO fruits(id, name, description) VALUES (1, 'Apple', 'Hearty fruit');
INSERT INTO fruits(id, name, description) VALUES (2, 'Pear', 'Juicy fruit');
INSERT INTO fruits(id, name, description) VALUES (3, 'Banana', 'Tropical yellow fruit');
INSERT INTO fruits(id, name, description) VALUES (4, 'Orange', 'Citrus fruit rich in vitamin C');
INSERT INTO fruits(id, name, description) VALUES (5, 'Strawberry', 'Sweet red berry');
INSERT INTO fruits(id, name, description) VALUES (6, 'Mango', 'Exotic tropical fruit');
INSERT INTO fruits(id, name, description) VALUES (7, 'Grape', 'Small purple or green fruit');
INSERT INTO fruits(id, name, description) VALUES (8, 'Pineapple', 'Large tropical fruit');
INSERT INTO fruits(id, name, description) VALUES (9, 'Watermelon', 'Large refreshing summer fruit');
INSERT INTO fruits(id, name, description) VALUES (10, 'Kiwi', 'Small fuzzy green fruit');
INSERT INTO fruits(id, name, description) VALUES (11, 'Apple1', 'Hearty fruit');
INSERT INTO fruits(id, name, description) VALUES (12, 'Pear1', 'Juicy fruit');
INSERT INTO fruits(id, name, description) VALUES (13, 'Banana1', 'Tropical yellow fruit');
INSERT INTO fruits(id, name, description) VALUES (14, 'Orange1', 'Citrus fruit rich in vitamin C');
INSERT INTO fruits(id, name, description) VALUES (15, 'Strawberry1', 'Sweet red berry');
INSERT INTO fruits(id, name, description) VALUES (16, 'Mango1', 'Exotic tropical fruit');
INSERT INTO fruits(id, name, description) VALUES (17, 'Grape1', 'Small purple or green fruit');
INSERT INTO fruits(id, name, description) VALUES (18, 'Pineapple1', 'Large tropical fruit');
INSERT INTO fruits(id, name, description) VALUES (19, 'Watermelon1', 'Large refreshing summer fruit');
INSERT INTO fruits(id, name, description) VALUES (20, 'Kiwi1', 'Small fuzzy green fruit');
INSERT INTO fruits(id, name, description) VALUES (21, 'Apple2', 'Hearty fruit');
INSERT INTO fruits(id, name, description) VALUES (22, 'Pear2', 'Juicy fruit');
INSERT INTO fruits(id, name, description) VALUES (23, 'Banana2', 'Tropical yellow fruit');
INSERT INTO fruits(id, name, description) VALUES (24, 'Orange2', 'Citrus fruit rich in vitamin C');
INSERT INTO fruits(id, name, description) VALUES (25, 'Strawberry2', 'Sweet red berry');
INSERT INTO fruits(id, name, description) VALUES (26, 'Mango2', 'Exotic tropical fruit');
INSERT INTO fruits(id, name, description) VALUES (27, 'Grape2', 'Small purple or green fruit');
INSERT INTO fruits(id, name, description) VALUES (28, 'Pineapple2', 'Large tropical fruit');
INSERT INTO fruits(id, name, description) VALUES (29, 'Watermelon2', 'Large refreshing summer fruit');
INSERT INTO fruits(id, name, description) VALUES (30, 'Kiwi2', 'Small fuzzy green fruit');
INSERT INTO fruits(id, name, description) VALUES (31, 'Apple3', 'Hearty fruit');
INSERT INTO fruits(id, name, description) VALUES (32, 'Pear3', 'Juicy fruit');
INSERT INTO fruits(id, name, description) VALUES (33, 'Banana3', 'Tropical yellow fruit');
INSERT INTO fruits(id, name, description) VALUES (34, 'Orange3', 'Citrus fruit rich in vitamin C');
INSERT INTO fruits(id, name, description) VALUES (35, 'Strawberry3', 'Sweet red berry');
INSERT INTO fruits(id, name, description) VALUES (36, 'Mango3', 'Exotic tropical fruit');
INSERT INTO fruits(id, name, description) VALUES (37, 'Grape3', 'Small purple or green fruit');
INSERT INTO fruits(id, name, description) VALUES (38, 'Pineapple3', 'Large tropical fruit');
INSERT INTO fruits(id, name, description) VALUES (39, 'Watermelon3', 'Large refreshing summer fruit');
INSERT INTO fruits(id, name, description) VALUES (40, 'Kiwi3', 'Small fuzzy green fruit');

ALTER SEQUENCE IF EXISTS fruits_seq START WITH 41 INCREMENT BY 1;

-- Stores
INSERT INTO stores(id, name, address, city, country, currency) VALUES (1, 'Store 1', '123 Main St', 'Anytown', 'USA', 'USD');
INSERT INTO stores(id, name, address, city, country, currency) VALUES (2, 'Store 2', '456 Main St', 'Paris', 'France', 'EUR');
INSERT INTO stores(id, name, address, city, country, currency) VALUES (3, 'Store 3', '789 Oak Ave', 'London', 'UK', 'GBP');
INSERT INTO stores(id, name, address, city, country, currency) VALUES (4, 'Store 4', '321 Cherry Ln', 'Tokyo', 'Japan', 'JPY');
INSERT INTO stores(id, name, address, city, country, currency) VALUES (5, 'Store 5', '555 Maple Dr', 'Toronto', 'Canada', 'CAD');
INSERT INTO stores(id, name, address, city, country, currency) VALUES (6, 'Store 6', '888 Pine St', 'Sydney', 'Australia', 'AUD');
INSERT INTO stores(id, name, address, city, country, currency) VALUES (7, 'Store 7', '999 Elm Rd', 'Berlin', 'Germany', 'EUR');
INSERT INTO stores(id, name, address, city, country, currency) VALUES (8, 'Store 8', '147 Birch Blvd', 'Mexico City', 'Mexico', 'MXN');

ALTER SEQUENCE IF EXISTS stores_seq START WITH 9 INCREMENT BY 1;

-- Prices
INSERT INTO store_fruit_prices(store_id, fruit_id, price) VALUES (1, 1, 1.29);
INSERT INTO store_fruit_prices(store_id, fruit_id, price) VALUES (1, 2, 0.99);
INSERT INTO store_fruit_prices(store_id, fruit_id, price) VALUES (1, 3, 0.59);
INSERT INTO store_fruit_prices(store_id, fruit_id, price) VALUES (1, 4, 1.19);
INSERT INTO store_fruit_prices(store_id, fruit_id, price) VALUES (1, 5, 3.99);
INSERT INTO store_fruit_prices(store_id, fruit_id, price) VALUES (2, 1, 2.49);
INSERT INTO store_fruit_prices(store_id, fruit_id, price) VALUES (2, 2, 1.19);
INSERT INTO store_fruit_prices(store_id, fruit_id, price) VALUES (2, 3, 0.89);
INSERT INTO store_fruit_prices(store_id, fruit_id, price) VALUES (2, 4, 1.79);
INSERT INTO store_fruit_prices(store_id, fruit_id, price) VALUES (2, 6, 2.99);
INSERT INTO store_fruit_prices(store_id, fruit_id, price) VALUES (3, 1, 1.49);
INSERT INTO store_fruit_prices(store_id, fruit_id, price) VALUES (3, 2, 1.29);
INSERT INTO store_fruit_prices(store_id, fruit_id, price) VALUES (3, 5, 3.49);
INSERT INTO store_fruit_prices(store_id, fruit_id, price) VALUES (3, 7, 2.79);
INSERT INTO store_fruit_prices(store_id, fruit_id, price) VALUES (4, 1, 189.99);
INSERT INTO store_fruit_prices(store_id, fruit_id, price) VALUES (4, 3, 99.99);
INSERT INTO store_fruit_prices(store_id, fruit_id, price) VALUES (4, 4, 149.99);
INSERT INTO store_fruit_prices(store_id, fruit_id, price) VALUES (4, 8, 599.99);
INSERT INTO store_fruit_prices(store_id, fruit_id, price) VALUES (5, 1, 1.79);
INSERT INTO store_fruit_prices(store_id, fruit_id, price) VALUES (5, 2, 1.49);
INSERT INTO store_fruit_prices(store_id, fruit_id, price) VALUES (5, 5, 4.99);
INSERT INTO store_fruit_prices(store_id, fruit_id, price) VALUES (5, 9, 6.99);
INSERT INTO store_fruit_prices(store_id, fruit_id, price) VALUES (6, 1, 2.19);
INSERT INTO store_fruit_prices(store_id, fruit_id, price) VALUES (6, 6, 3.99);
INSERT INTO store_fruit_prices(store_id, fruit_id, price) VALUES (6, 8, 5.49);
INSERT INTO store_fruit_prices(store_id, fruit_id, price) VALUES (6, 10, 1.99);
INSERT INTO store_fruit_prices(store_id, fruit_id, price) VALUES (7, 2, 1.39);
INSERT INTO store_fruit_prices(store_id, fruit_id, price) VALUES (7, 4, 1.89);
INSERT INTO store_fruit_prices(store_id, fruit_id, price) VALUES (7, 7, 2.49);
INSERT INTO store_fruit_prices(store_id, fruit_id, price) VALUES (7, 9, 4.99);
INSERT INTO store_fruit_prices(store_id, fruit_id, price) VALUES (8, 1, 25.99);
INSERT INTO store_fruit_prices(store_id, fruit_id, price) VALUES (8, 3, 12.99);
INSERT INTO store_fruit_prices(store_id, fruit_id, price) VALUES (8, 6, 39.99);
INSERT INTO store_fruit_prices(store_id, fruit_id, price) VALUES (8, 8, 49.99);
INSERT INTO store_fruit_prices(store_id, fruit_id, price) VALUES (1, 11, 1.29);
INSERT INTO store_fruit_prices(store_id, fruit_id, price) VALUES (1, 12, 0.99);
INSERT INTO store_fruit_prices(store_id, fruit_id, price) VALUES (1, 13, 0.59);
INSERT INTO store_fruit_prices(store_id, fruit_id, price) VALUES (1, 14, 1.19);
INSERT INTO store_fruit_prices(store_id, fruit_id, price) VALUES (1, 15, 3.99);
INSERT INTO store_fruit_prices(store_id, fruit_id, price) VALUES (2, 11, 2.49);
INSERT INTO store_fruit_prices(store_id, fruit_id, price) VALUES (2, 12, 1.19);
INSERT INTO store_fruit_prices(store_id, fruit_id, price) VALUES (2, 13, 0.89);
INSERT INTO store_fruit_prices(store_id, fruit_id, price) VALUES (2, 14, 1.79);
INSERT INTO store_fruit_prices(store_id, fruit_id, price) VALUES (2, 16, 2.99);
INSERT INTO store_fruit_prices(store_id, fruit_id, price) VALUES (3, 11, 1.49);
INSERT INTO store_fruit_prices(store_id, fruit_id, price) VALUES (3, 12, 1.29);
INSERT INTO store_fruit_prices(store_id, fruit_id, price) VALUES (3, 15, 3.49);
INSERT INTO store_fruit_prices(store_id, fruit_id, price) VALUES (3, 17, 2.79);
INSERT INTO store_fruit_prices(store_id, fruit_id, price) VALUES (4, 11, 189.99);
INSERT INTO store_fruit_prices(store_id, fruit_id, price) VALUES (4, 13, 99.99);
INSERT INTO store_fruit_prices(store_id, fruit_id, price) VALUES (4, 14, 149.99);
INSERT INTO store_fruit_prices(store_id, fruit_id, price) VALUES (4, 18, 599.99);
INSERT INTO store_fruit_prices(store_id, fruit_id, price) VALUES (5, 11, 1.79);
INSERT INTO store_fruit_prices(store_id, fruit_id, price) VALUES (5, 12, 1.49);
INSERT INTO store_fruit_prices(store_id, fruit_id, price) VALUES (5, 15, 4.99);
INSERT INTO store_fruit_prices(store_id, fruit_id, price) VALUES (5, 19, 6.99);
INSERT INTO store_fruit_prices(store_id, fruit_id, price) VALUES (6, 11, 2.19);
INSERT INTO store_fruit_prices(store_id, fruit_id, price) VALUES (6, 16, 3.99);
INSERT INTO store_fruit_prices(store_id, fruit_id, price) VALUES (6, 18, 5.49);
INSERT INTO store_fruit_prices(store_id, fruit_id, price) VALUES (6, 20, 1.99);
INSERT INTO store_fruit_prices(store_id, fruit_id, price) VALUES (7, 12, 1.39);
INSERT INTO store_fruit_prices(store_id, fruit_id, price) VALUES (7, 14, 1.89);
INSERT INTO store_fruit_prices(store_id, fruit_id, price) VALUES (7, 17, 2.49);
INSERT INTO store_fruit_prices(store_id, fruit_id, price) VALUES (7, 19, 4.99);
INSERT INTO store_fruit_prices(store_id, fruit_id, price) VALUES (8, 11, 25.99);
INSERT INTO store_fruit_prices(store_id, fruit_id, price) VALUES (8, 13, 12.99);
INSERT INTO store_fruit_prices(store_id, fruit_id, price) VALUES (8, 16, 39.99);
INSERT INTO store_fruit_prices(store_id, fruit_id, price) VALUES (8, 18, 49.99);
INSERT INTO store_fruit_prices(store_id, fruit_id, price) VALUES (1, 21, 1.29);
INSERT INTO store_fruit_prices(store_id, fruit_id, price) VALUES (1, 22, 0.99);
INSERT INTO store_fruit_prices(store_id, fruit_id, price) VALUES (1, 23, 0.59);
INSERT INTO store_fruit_prices(store_id, fruit_id, price) VALUES (1, 24, 1.19);
INSERT INTO store_fruit_prices(store_id, fruit_id, price) VALUES (1, 25, 3.99);
INSERT INTO store_fruit_prices(store_id, fruit_id, price) VALUES (2, 21, 2.49);
INSERT INTO store_fruit_prices(store_id, fruit_id, price) VALUES (2, 22, 1.19);
INSERT INTO store_fruit_prices(store_id, fruit_id, price) VALUES (2, 23, 0.89);
INSERT INTO store_fruit_prices(store_id, fruit_id, price) VALUES (2, 24, 1.79);
INSERT INTO store_fruit_prices(store_id, fruit_id, price) VALUES (2, 26, 2.99);
INSERT INTO store_fruit_prices(store_id, fruit_id, price) VALUES (3, 21, 1.49);
INSERT INTO store_fruit_prices(store_id, fruit_id, price) VALUES (3, 22, 1.29);
INSERT INTO store_fruit_prices(store_id, fruit_id, price) VALUES (3, 25, 3.49);
INSERT INTO store_fruit_prices(store_id, fruit_id, price) VALUES (3, 27, 2.79);
INSERT INTO store_fruit_prices(store_id, fruit_id, price) VALUES (4, 21, 189.99);
INSERT INTO store_fruit_prices(store_id, fruit_id, price) VALUES (4, 23, 99.99);
INSERT INTO store_fruit_prices(store_id, fruit_id, price) VALUES (4, 24, 149.99);
INSERT INTO store_fruit_prices(store_id, fruit_id, price) VALUES (4, 28, 599.99);
INSERT INTO store_fruit_prices(store_id, fruit_id, price) VALUES (5, 21, 1.79);
INSERT INTO store_fruit_prices(store_id, fruit_id, price) VALUES (5, 22, 1.49);
INSERT INTO store_fruit_prices(store_id, fruit_id, price) VALUES (5, 25, 4.99);
INSERT INTO store_fruit_prices(store_id, fruit_id, price) VALUES (5, 29, 6.99);
INSERT INTO store_fruit_prices(store_id, fruit_id, price) VALUES (6, 21, 2.19);
INSERT INTO store_fruit_prices(store_id, fruit_id, price) VALUES (6, 26, 3.99);
INSERT INTO store_fruit_prices(store_id, fruit_id, price) VALUES (6, 28, 5.49);
INSERT INTO store_fruit_prices(store_id, fruit_id, price) VALUES (6, 30, 1.99);
INSERT INTO store_fruit_prices(store_id, fruit_id, price) VALUES (7, 22, 1.39);
INSERT INTO store_fruit_prices(store_id, fruit_id, price) VALUES (7, 24, 1.89);
INSERT INTO store_fruit_prices(store_id, fruit_id, price) VALUES (7, 27, 2.49);
INSERT INTO store_fruit_prices(store_id, fruit_id, price) VALUES (7, 29, 4.99);
INSERT INTO store_fruit_prices(store_id, fruit_id, price) VALUES (8, 21, 25.99);
INSERT INTO store_fruit_prices(store_id, fruit_id, price) VALUES (8, 23, 12.99);
INSERT INTO store_fruit_prices(store_id, fruit_id, price) VALUES (8, 26, 39.99);
INSERT INTO store_fruit_prices(store_id, fruit_id, price) VALUES (8, 28, 49.99);
INSERT INTO store_fruit_prices(store_id, fruit_id, price) VALUES (1, 31, 1.29);
INSERT INTO store_fruit_prices(store_id, fruit_id, price) VALUES (1, 32, 0.99);
INSERT INTO store_fruit_prices(store_id, fruit_id, price) VALUES (1, 33, 0.59);
INSERT INTO store_fruit_prices(store_id, fruit_id, price) VALUES (1, 34, 1.19);
INSERT INTO store_fruit_prices(store_id, fruit_id, price) VALUES (1, 35, 3.99);
INSERT INTO store_fruit_prices(store_id, fruit_id, price) VALUES (2, 31, 2.49);
INSERT INTO store_fruit_prices(store_id, fruit_id, price) VALUES (2, 32, 1.19);
INSERT INTO store_fruit_prices(store_id, fruit_id, price) VALUES (2, 33, 0.89);
INSERT INTO store_fruit_prices(store_id, fruit_id, price) VALUES (2, 34, 1.79);
INSERT INTO store_fruit_prices(store_id, fruit_id, price) VALUES (2, 36, 2.99);
INSERT INTO store_fruit_prices(store_id, fruit_id, price) VALUES (3, 31, 1.49);
INSERT INTO store_fruit_prices(store_id, fruit_id, price) VALUES (3, 32, 1.29);
INSERT INTO store_fruit_prices(store_id, fruit_id, price) VALUES (3, 35, 3.49);
INSERT INTO store_fruit_prices(store_id, fruit_id, price) VALUES (3, 37, 2.79);
INSERT INTO store_fruit_prices(store_id, fruit_id, price) VALUES (4, 31, 189.99);
INSERT INTO store_fruit_prices(store_id, fruit_id, price) VALUES (4, 33, 99.99);
INSERT INTO store_fruit_prices(store_id, fruit_id, price) VALUES (4, 34, 149.99);
INSERT INTO store_fruit_prices(store_id, fruit_id, price) VALUES (4, 38, 599.99);
INSERT INTO store_fruit_prices(store_id, fruit_id, price) VALUES (5, 31, 1.79);
INSERT INTO store_fruit_prices(store_id, fruit_id, price) VALUES (5, 32, 1.49);
INSERT INTO store_fruit_prices(store_id, fruit_id, price) VALUES (5, 35, 4.99);
INSERT INTO store_fruit_prices(store_id, fruit_id, price) VALUES (5, 39, 6.99);
INSERT INTO store_fruit_prices(store_id, fruit_id, price) VALUES (6, 31, 2.19);
INSERT INTO store_fruit_prices(store_id, fruit_id, price) VALUES (6, 36, 3.99);
INSERT INTO store_fruit_prices(store_id, fruit_id, price) VALUES (6, 38, 5.49);
INSERT INTO store_fruit_prices(store_id, fruit_id, price) VALUES (6, 40, 1.99);
INSERT INTO store_fruit_prices(store_id, fruit_id, price) VALUES (7, 32, 1.39);
INSERT INTO store_fruit_prices(store_id, fruit_id, price) VALUES (7, 34, 1.89);
INSERT INTO store_fruit_prices(store_id, fruit_id, price) VALUES (7, 37, 2.49);
INSERT INTO store_fruit_prices(store_id, fruit_id, price) VALUES (7, 39, 4.99);
INSERT INTO store_fruit_prices(store_id, fruit_id, price) VALUES (8, 31, 25.99);
INSERT INTO store_fruit_prices(store_id, fruit_id, price) VALUES (8, 33, 12.99);
INSERT INTO store_fruit_prices(store_id, fruit_id, price) VALUES (8, 36, 39.99);
INSERT INTO store_fruit_prices(store_id, fruit_id, price) VALUES (8, 38, 49.99);
