-- Fruits
INSERT INTO fruits(id, name, description) VALUES (1, 'Apple', 'Hearty fruit');
INSERT INTO fruits(id, name, description) VALUES (2, 'Pear', 'Juicy fruit');
INSERT INTO fruits(id, name, description) VALUES (3, 'Banana', 'Tropical yellow fruit');
INSERT INTO fruits(id, name, description) VALUES (4, 'Orange', 'Citrus fruit rich in vitamin C');
INSERT INTO fruits(id, name, description) VALUES (5, 'Strawberry', 'Sweet red berry');
INSERT INTO fruits(id, name, description) VALUES (6, 'Mango', 'Exotic tropical fruit');
INSERT INTO fruits(id, name, description) VALUES (7, 'Grape', 'Small purple or green fruit');
INSERT INTO fruits(id, name, description) VALUES (8, 'Pineapple', 'Large tropical fruit');
INSERT INTO fruits(id, name, description) VALUES (9, 'Watermelon', 'Large refreshing summer fruit');
INSERT INTO fruits(id, name, description) VALUES (10, 'Kiwi', 'Small fuzzy green fruit');
INSERT INTO fruits(id, name, description) VALUES (11, 'Apple1', 'Hearty fruit');
INSERT INTO fruits(id, name, description) VALUES (12, 'Pear1', 'Juicy fruit');
INSERT INTO fruits(id, name, description) VALUES (13, 'Banana1', 'Tropical yellow fruit');
INSERT INTO fruits(id, name, description) VALUES (14, 'Orange1', 'Citrus fruit rich in vitamin C');
INSERT INTO fruits(id, name, description) VALUES (15, 'Strawberry1', 'Sweet red berry');
INSERT INTO fruits(id, name, description) VALUES (16, 'Mango1', 'Exotic tropical fruit');
INSERT INTO fruits(id, name, description) VALUES (17, 'Grape1', 'Small purple or green fruit');
INSERT INTO fruits(id, name, description) VALUES (18, 'Pineapple1', 'Large tropical fruit');
INSERT INTO fruits(id, name, description) VALUES (19, 'Watermelon1', 'Large refreshing summer fruit');
INSERT INTO fruits(id, name, description) VALUES (20, 'Kiwi1', 'Small fuzzy green fruit');
INSERT INTO fruits(id, name, description) VALUES (21, 'Apple2', 'Hearty fruit');
INSERT INTO fruits(id, name, description) VALUES (22, 'Pear2', 'Juicy fruit');
INSERT INTO fruits(id, name, description) VALUES (23, 'Banana2', 'Tropical yellow fruit');
INSERT INTO fruits(id, name, description) VALUES (24, 'Orange2', 'Citrus fruit rich in vitamin C');
INSERT INTO fruits(id, name, description) VALUES (25, 'Strawberry2', 'Sweet red berry');
INSERT INTO fruits(id, name, description) VALUES (26, 'Mango2', 'Exotic tropical fruit');
INSERT INTO fruits(id, name, description) VALUES (27, 'Grape2', 'Small purple or green fruit');
INSERT INTO fruits(id, name, description) VALUES (28, 'Pineapple2', 'Large tropical fruit');
INSERT INTO fruits(id, name, description) VALUES (29, 'Watermelon2', 'Large refreshing summer fruit');
INSERT INTO fruits(id, name, description) VALUES (30, 'Kiwi2', 'Small fuzzy green fruit');
INSERT INTO fruits(id, name, description) VALUES (31, 'Apple3', 'Hearty fruit');
INSERT INTO fruits(id, name, description) VALUES (32, 'Pear3', 'Juicy fruit');
INSERT INTO fruits(id, name, description) VALUES (33, 'Banana3', 'Tropical yellow fruit');
INSERT INTO fruits(id, name, description) VALUES (34, 'Orange3', 'Citrus fruit rich in vitamin C');
INSERT INTO fruits(id, name, description) VALUES (35, 'Strawberry3', 'Sweet red berry');
INSERT INTO fruits(id, name, description) VALUES (36, 'Mango3', 'Exotic tropical fruit');
INSERT INTO fruits(id, name, description) VALUES (37, 'Grape3', 'Small purple or green fruit');
INSERT INTO fruits(id, name, description) VALUES (38, 'Pineapple3', 'Large tropical fruit');
INSERT INTO fruits(id, name, description) VALUES (39, 'Watermelon3', 'Large refreshing summer fruit');
INSERT INTO fruits(id, name, description) VALUES (40, 'Kiwi3', 'Small fuzzy green fruit');
INSERT INTO fruits(id, name, description) VALUES (41, 'Apple4', 'Hearty fruit');
INSERT INTO fruits(id, name, description) VALUES (42, 'Pear4', 'Juicy fruit');
INSERT INTO fruits(id, name, description) VALUES (43, 'Banana4', 'Tropical yellow fruit');
INSERT INTO fruits(id, name, description) VALUES (44, 'Orange4', 'Citrus fruit rich in vitamin C');
INSERT INTO fruits(id, name, description) VALUES (45, 'Strawberry4', 'Sweet red berry');
INSERT INTO fruits(id, name, description) VALUES (46, 'Mango4', 'Exotic tropical fruit');
INSERT INTO fruits(id, name, description) VALUES (47, 'Grape4', 'Small purple or green fruit');
INSERT INTO fruits(id, name, description) VALUES (48, 'Pineapple4', 'Large tropical fruit');
INSERT INTO fruits(id, name, description) VALUES (49, 'Watermelon4', 'Large refreshing summer fruit');
INSERT INTO fruits(id, name, description) VALUES (50, 'Kiwi4', 'Small fuzzy green fruit');
INSERT INTO fruits(id, name, description) VALUES (51, 'Apple5', 'Hearty fruit');
INSERT INTO fruits(id, name, description) VALUES (52, 'Pear5', 'Juicy fruit');
INSERT INTO fruits(id, name, description) VALUES (53, 'Banana5', 'Tropical yellow fruit');
INSERT INTO fruits(id, name, description) VALUES (54, 'Orange5', 'Citrus fruit rich in vitamin C');
INSERT INTO fruits(id, name, description) VALUES (55, 'Strawberry5', 'Sweet red berry');
INSERT INTO fruits(id, name, description) VALUES (56, 'Mango5', 'Exotic tropical fruit');
INSERT INTO fruits(id, name, description) VALUES (57, 'Grape5', 'Small purple or green fruit');
INSERT INTO fruits(id, name, description) VALUES (58, 'Pineapple5', 'Large tropical fruit');
INSERT INTO fruits(id, name, description) VALUES (59, 'Watermelon5', 'Large refreshing summer fruit');
INSERT INTO fruits(id, name, description) VALUES (60, 'Kiwi5', 'Small fuzzy green fruit');
INSERT INTO fruits(id, name, description) VALUES (61, 'Apple6', 'Hearty fruit');
INSERT INTO fruits(id, name, description) VALUES (62, 'Pear6', 'Juicy fruit');
INSERT INTO fruits(id, name, description) VALUES (63, 'Banana6', 'Tropical yellow fruit');
INSERT INTO fruits(id, name, description) VALUES (64, 'Orange6', 'Citrus fruit rich in vitamin C');
INSERT INTO fruits(id, name, description) VALUES (65, 'Strawberry6', 'Sweet red berry');
INSERT INTO fruits(id, name, description) VALUES (66, 'Mango6', 'Exotic tropical fruit');
INSERT INTO fruits(id, name, description) VALUES (67, 'Grape6', 'Small purple or green fruit');
INSERT INTO fruits(id, name, description) VALUES (68, 'Pineapple6', 'Large tropical fruit');
INSERT INTO fruits(id, name, description) VALUES (69, 'Watermelon6', 'Large refreshing summer fruit');
INSERT INTO fruits(id, name, description) VALUES (70, 'Kiwi6', 'Small fuzzy green fruit');
INSERT INTO fruits(id, name, description) VALUES (71, 'Apple7', 'Hearty fruit');
INSERT INTO fruits(id, name, description) VALUES (72, 'Pear7', 'Juicy fruit');
INSERT INTO fruits(id, name, description) VALUES (73, 'Banana7', 'Tropical yellow fruit');
INSERT INTO fruits(id, name, description) VALUES (74, 'Orange7', 'Citrus fruit rich in vitamin C');
INSERT INTO fruits(id, name, description) VALUES (75, 'Strawberry7', 'Sweet red berry');
INSERT INTO fruits(id, name, description) VALUES (76, 'Mango7', 'Exotic tropical fruit');
INSERT INTO fruits(id, name, description) VALUES (77, 'Grape7', 'Small purple or green fruit');
INSERT INTO fruits(id, name, description) VALUES (78, 'Pineapple7', 'Large tropical fruit');
INSERT INTO fruits(id, name, description) VALUES (79, 'Watermelon7', 'Large refreshing summer fruit');
INSERT INTO fruits(id, name, description) VALUES (80, 'Kiwi7', 'Small fuzzy green fruit');

ALTER SEQUENCE IF EXISTS fruits_seq START WITH 81 INCREMENT BY 1;

-- Stores
INSERT INTO stores(id, name, address, city, country, currency) VALUES (1, 'Store 1', '123 Main St', 'Anytown', 'USA', 'USD');
INSERT INTO stores(id, name, address, city, country, currency) VALUES (2, 'Store 2', '456 Main St', 'Paris', 'France', 'EUR');
INSERT INTO stores(id, name, address, city, country, currency) VALUES (3, 'Store 3', '789 Oak Ave', 'London', 'UK', 'GBP');
INSERT INTO stores(id, name, address, city, country, currency) VALUES (4, 'Store 4', '321 Cherry Ln', 'Tokyo', 'Japan', 'JPY');
INSERT INTO stores(id, name, address, city, country, currency) VALUES (5, 'Store 5', '555 Maple Dr', 'Toronto', 'Canada', 'CAD');
INSERT INTO stores(id, name, address, city, country, currency) VALUES (6, 'Store 6', '888 Pine St', 'Sydney', 'Australia', 'AUD');
INSERT INTO stores(id, name, address, city, country, currency) VALUES (7, 'Store 7', '999 Elm Rd', 'Berlin', 'Germany', 'EUR');
INSERT INTO stores(id, name, address, city, country, currency) VALUES (8, 'Store 8', '147 Birch Blvd', 'Mexico City', 'Mexico', 'MXN');

ALTER SEQUENCE IF EXISTS stores_seq START WITH 9 INCREMENT BY 1;

-- Prices
INSERT INTO store_fruit_prices(store_id, fruit_id, price) VALUES (1, 1, 1.29);
INSERT INTO store_fruit_prices(store_id, fruit_id, price) VALUES (1, 2, 0.99);
INSERT INTO store_fruit_prices(store_id, fruit_id, price) VALUES (1, 3, 0.59);
INSERT INTO store_fruit_prices(store_id, fruit_id, price) VALUES (1, 4, 1.19);
INSERT INTO store_fruit_prices(store_id, fruit_id, price) VALUES (1, 5, 3.99);
INSERT INTO store_fruit_prices(store_id, fruit_id, price) VALUES (2, 1, 2.49);
INSERT INTO store_fruit_prices(store_id, fruit_id, price) VALUES (2, 2, 1.19);
INSERT INTO store_fruit_prices(store_id, fruit_id, price) VALUES (2, 3, 0.89);
INSERT INTO store_fruit_prices(store_id, fruit_id, price) VALUES (2, 4, 1.79);
INSERT INTO store_fruit_prices(store_id, fruit_id, price) VALUES (2, 6, 2.99);
INSERT INTO store_fruit_prices(store_id, fruit_id, price) VALUES (3, 1, 1.49);
INSERT INTO store_fruit_prices(store_id, fruit_id, price) VALUES (3, 2, 1.29);
INSERT INTO store_fruit_prices(store_id, fruit_id, price) VALUES (3, 5, 3.49);
INSERT INTO store_fruit_prices(store_id, fruit_id, price) VALUES (3, 7, 2.79);
INSERT INTO store_fruit_prices(store_id, fruit_id, price) VALUES (4, 1, 189.99);
INSERT INTO store_fruit_prices(store_id, fruit_id, price) VALUES (4, 3, 99.99);
INSERT INTO store_fruit_prices(store_id, fruit_id, price) VALUES (4, 4, 149.99);
INSERT INTO store_fruit_prices(store_id, fruit_id, price) VALUES (4, 8, 599.99);
INSERT INTO store_fruit_prices(store_id, fruit_id, price) VALUES (5, 1, 1.79);
INSERT INTO store_fruit_prices(store_id, fruit_id, price) VALUES (5, 2, 1.49);
INSERT INTO store_fruit_prices(store_id, fruit_id, price) VALUES (5, 5, 4.99);
INSERT INTO store_fruit_prices(store_id, fruit_id, price) VALUES (5, 9, 6.99);
INSERT INTO store_fruit_prices(store_id, fruit_id, price) VALUES (6, 1, 2.19);
INSERT INTO store_fruit_prices(store_id, fruit_id, price) VALUES (6, 6, 3.99);
INSERT INTO store_fruit_prices(store_id, fruit_id, price) VALUES (6, 8, 5.49);
INSERT INTO store_fruit_prices(store_id, fruit_id, price) VALUES (6, 10, 1.99);
INSERT INTO store_fruit_prices(store_id, fruit_id, price) VALUES (7, 2, 1.39);
INSERT INTO store_fruit_prices(store_id, fruit_id, price) VALUES (7, 4, 1.89);
INSERT INTO store_fruit_prices(store_id, fruit_id, price) VALUES (7, 7, 2.49);
INSERT INTO store_fruit_prices(store_id, fruit_id, price) VALUES (7, 9, 4.99);
INSERT INTO store_fruit_prices(store_id, fruit_id, price) VALUES (8, 1, 25.99);
INSERT INTO store_fruit_prices(store_id, fruit_id, price) VALUES (8, 3, 12.99);
INSERT INTO store_fruit_prices(store_id, fruit_id, price) VALUES (8, 6, 39.99);
INSERT INTO store_fruit_prices(store_id, fruit_id, price) VALUES (8, 8, 49.99);
INSERT INTO store_fruit_prices(store_id, fruit_id, price) VALUES (1, 11, 1.29);
INSERT INTO store_fruit_prices(store_id, fruit_id, price) VALUES (1, 12, 0.99);
INSERT INTO store_fruit_prices(store_id, fruit_id, price) VALUES (1, 13, 0.59);
INSERT INTO store_fruit_prices(store_id, fruit_id, price) VALUES (1, 14, 1.19);
INSERT INTO store_fruit_prices(store_id, fruit_id, price) VALUES (1, 15, 3.99);
INSERT INTO store_fruit_prices(store_id, fruit_id, price) VALUES (2, 11, 2.49);
INSERT INTO store_fruit_prices(store_id, fruit_id, price) VALUES (2, 12, 1.19);
INSERT INTO store_fruit_prices(store_id, fruit_id, price) VALUES (2, 13, 0.89);
INSERT INTO store_fruit_prices(store_id, fruit_id, price) VALUES (2, 14, 1.79);
INSERT INTO store_fruit_prices(store_id, fruit_id, price) VALUES (2, 16, 2.99);
INSERT INTO store_fruit_prices(store_id, fruit_id, price) VALUES (3, 11, 1.49);
INSERT INTO store_fruit_prices(store_id, fruit_id, price) VALUES (3, 12, 1.29);
INSERT INTO store_fruit_prices(store_id, fruit_id, price) VALUES (3, 15, 3.49);
INSERT INTO store_fruit_prices(store_id, fruit_id, price) VALUES (3, 17, 2.79);
INSERT INTO store_fruit_prices(store_id, fruit_id, price) VALUES (4, 11, 189.99);
INSERT INTO store_fruit_prices(store_id, fruit_id, price) VALUES (4, 13, 99.99);
INSERT INTO store_fruit_prices(store_id, fruit_id, price) VALUES (4, 14, 149.99);
INSERT INTO store_fruit_prices(store_id, fruit_id, price) VALUES (4, 18, 599.99);
INSERT INTO store_fruit_prices(store_id, fruit_id, price) VALUES (5, 11, 1.79);
INSERT INTO store_fruit_prices(store_id, fruit_id, price) VALUES (5, 12, 1.49);
INSERT INTO store_fruit_prices(store_id, fruit_id, price) VALUES (5, 15, 4.99);
INSERT INTO store_fruit_prices(store_id, fruit_id, price) VALUES (5, 19, 6.99);
INSERT INTO store_fruit_prices(store_id, fruit_id, price) VALUES (6, 11, 2.19);
INSERT INTO store_fruit_prices(store_id, fruit_id, price) VALUES (6, 16, 3.99);
INSERT INTO store_fruit_prices(store_id, fruit_id, price) VALUES (6, 18, 5.49);
INSERT INTO store_fruit_prices(store_id, fruit_id, price) VALUES (6, 20, 1.99);
INSERT INTO store_fruit_prices(store_id, fruit_id, price) VALUES (7, 12, 1.39);
INSERT INTO store_fruit_prices(store_id, fruit_id, price) VALUES (7, 14, 1.89);
INSERT INTO store_fruit_prices(store_id, fruit_id, price) VALUES (7, 17, 2.49);
INSERT INTO store_fruit_prices(store_id, fruit_id, price) VALUES (7, 19, 4.99);
INSERT INTO store_fruit_prices(store_id, fruit_id, price) VALUES (8, 11, 25.99);
INSERT INTO store_fruit_prices(store_id, fruit_id, price) VALUES (8, 13, 12.99);
INSERT INTO store_fruit_prices(store_id, fruit_id, price) VALUES (8, 16, 39.99);
INSERT INTO store_fruit_prices(store_id, fruit_id, price) VALUES (8, 18, 49.99);
INSERT INTO store_fruit_prices(store_id, fruit_id, price) VALUES (1, 21, 1.29);
INSERT INTO store_fruit_prices(store_id, fruit_id, price) VALUES (1, 22, 0.99);
INSERT INTO store_fruit_prices(store_id, fruit_id, price) VALUES (1, 23, 0.59);
INSERT INTO store_fruit_prices(store_id, fruit_id, price) VALUES (1, 24, 1.19);
INSERT INTO store_fruit_prices(store_id, fruit_id, price) VALUES (1, 25, 3.99);
INSERT INTO store_fruit_prices(store_id, fruit_id, price) VALUES (2, 21, 2.49);
INSERT INTO store_fruit_prices(store_id, fruit_id, price) VALUES (2, 22, 1.19);
INSERT INTO store_fruit_prices(store_id, fruit_id, price) VALUES (2, 23, 0.89);
INSERT INTO store_fruit_prices(store_id, fruit_id, price) VALUES (2, 24, 1.79);
INSERT INTO store_fruit_prices(store_id, fruit_id, price) VALUES (2, 26, 2.99);
INSERT INTO store_fruit_prices(store_id, fruit_id, price) VALUES (3, 21, 1.49);
INSERT INTO store_fruit_prices(store_id, fruit_id, price) VALUES (3, 22, 1.29);
INSERT INTO store_fruit_prices(store_id, fruit_id, price) VALUES (3, 25, 3.49);
INSERT INTO store_fruit_prices(store_id, fruit_id, price) VALUES (3, 27, 2.79);
INSERT INTO store_fruit_prices(store_id, fruit_id, price) VALUES (4, 21, 189.99);
INSERT INTO store_fruit_prices(store_id, fruit_id, price) VALUES (4, 23, 99.99);
INSERT INTO store_fruit_prices(store_id, fruit_id, price) VALUES (4, 24, 149.99);
INSERT INTO store_fruit_prices(store_id, fruit_id, price) VALUES (4, 28, 599.99);
INSERT INTO store_fruit_prices(store_id, fruit_id, price) VALUES (5, 21, 1.79);
INSERT INTO store_fruit_prices(store_id, fruit_id, price) VALUES (5, 22, 1.49);
INSERT INTO store_fruit_prices(store_id, fruit_id, price) VALUES (5, 25, 4.99);
INSERT INTO store_fruit_prices(store_id, fruit_id, price) VALUES (5, 29, 6.99);
INSERT INTO store_fruit_prices(store_id, fruit_id, price) VALUES (6, 21, 2.19);
INSERT INTO store_fruit_prices(store_id, fruit_id, price) VALUES (6, 26, 3.99);
INSERT INTO store_fruit_prices(store_id, fruit_id, price) VALUES (6, 28, 5.49);
INSERT INTO store_fruit_prices(store_id, fruit_id, price) VALUES (6, 30, 1.99);
INSERT INTO store_fruit_prices(store_id, fruit_id, price) VALUES (7, 22, 1.39);
INSERT INTO store_fruit_prices(store_id, fruit_id, price) VALUES (7, 24, 1.89);
INSERT INTO store_fruit_prices(store_id, fruit_id, price) VALUES (7, 27, 2.49);
INSERT INTO store_fruit_prices(store_id, fruit_id, price) VALUES (7, 29, 4.99);
INSERT INTO store_fruit_prices(store_id, fruit_id, price) VALUES (8, 21, 25.99);
INSERT INTO store_fruit_prices(store_id, fruit_id, price) VALUES (8, 23, 12.99);
INSERT INTO store_fruit_prices(store_id, fruit_id, price) VALUES (8, 26, 39.99);
INSERT INTO store_fruit_prices(store_id, fruit_id, price) VALUES (8, 28, 49.99);
INSERT INTO store_fruit_prices(store_id, fruit_id, price) VALUES (1, 31, 1.29);
INSERT INTO store_fruit_prices(store_id, fruit_id, price) VALUES (1, 32, 0.99);
INSERT INTO store_fruit_prices(store_id, fruit_id, price) VALUES (1, 33, 0.59);
INSERT INTO store_fruit_prices(store_id, fruit_id, price) VALUES (1, 34, 1.19);
INSERT INTO store_fruit_prices(store_id, fruit_id, price) VALUES (1, 35, 3.99);
INSERT INTO store_fruit_prices(store_id, fruit_id, price) VALUES (2, 31, 2.49);
INSERT INTO store_fruit_prices(store_id, fruit_id, price) VALUES (2, 32, 1.19);
INSERT INTO store_fruit_prices(store_id, fruit_id, price) VALUES (2, 33, 0.89);
INSERT INTO store_fruit_prices(store_id, fruit_id, price) VALUES (2, 34, 1.79);
INSERT INTO store_fruit_prices(store_id, fruit_id, price) VALUES (2, 36, 2.99);
INSERT INTO store_fruit_prices(store_id, fruit_id, price) VALUES (3, 31, 1.49);
INSERT INTO store_fruit_prices(store_id, fruit_id, price) VALUES (3, 32, 1.29);
INSERT INTO store_fruit_prices(store_id, fruit_id, price) VALUES (3, 35, 3.49);
INSERT INTO store_fruit_prices(store_id, fruit_id, price) VALUES (3, 37, 2.79);
INSERT INTO store_fruit_prices(store_id, fruit_id, price) VALUES (4, 31, 189.99);
INSERT INTO store_fruit_prices(store_id, fruit_id, price) VALUES (4, 33, 99.99);
INSERT INTO store_fruit_prices(store_id, fruit_id, price) VALUES (4, 34, 149.99);
INSERT INTO store_fruit_prices(store_id, fruit_id, price) VALUES (4, 38, 599.99);
INSERT INTO store_fruit_prices(store_id, fruit_id, price) VALUES (5, 31, 1.79);
INSERT INTO store_fruit_prices(store_id, fruit_id, price) VALUES (5, 32, 1.49);
INSERT INTO store_fruit_prices(store_id, fruit_id, price) VALUES (5, 35, 4.99);
INSERT INTO store_fruit_prices(store_id, fruit_id, price) VALUES (5, 39, 6.99);
INSERT INTO store_fruit_prices(store_id, fruit_id, price) VALUES (6, 31, 2.19);
INSERT INTO store_fruit_prices(store_id, fruit_id, price) VALUES (6, 36, 3.99);
INSERT INTO store_fruit_prices(store_id, fruit_id, price) VALUES (6, 38, 5.49);
INSERT INTO store_fruit_prices(store_id, fruit_id, price) VALUES (6, 40, 1.99);
INSERT INTO store_fruit_prices(store_id, fruit_id, price) VALUES (7, 32, 1.39);
INSERT INTO store_fruit_prices(store_id, fruit_id, price) VALUES (7, 34, 1.89);
INSERT INTO store_fruit_prices(store_id, fruit_id, price) VALUES (7, 37, 2.49);
INSERT INTO store_fruit_prices(store_id, fruit_id, price) VALUES (7, 39, 4.99);
INSERT INTO store_fruit_prices(store_id, fruit_id, price) VALUES (8, 31, 25.99);
INSERT INTO store_fruit_prices(store_id, fruit_id, price) VALUES (8, 33, 12.99);
INSERT INTO store_fruit_prices(store_id, fruit_id, price) VALUES (8, 36, 39.99);
INSERT INTO store_fruit_prices(store_id, fruit_id, price) VALUES (8, 38, 49.99);
INSERT INTO store_fruit_prices(store_id, fruit_id, price) VALUES (1, 41, 1.29);
INSERT INTO store_fruit_prices(store_id, fruit_id, price) VALUES (1, 42, 0.99);
INSERT INTO store_fruit_prices(store_id, fruit_id, price) VALUES (1, 43, 0.59);
INSERT INTO store_fruit_prices(store_id, fruit_id, price) VALUES (1, 44, 1.19);
INSERT INTO store_fruit_prices(store_id, fruit_id, price) VALUES (1, 45, 3.99);
INSERT INTO store_fruit_prices(store_id, fruit_id, price) VALUES (2, 41, 2.49);
INSERT INTO store_fruit_prices(store_id, fruit_id, price) VALUES (2, 42, 1.19);
INSERT INTO store_fruit_prices(store_id, fruit_id, price) VALUES (2, 43, 0.89);
INSERT INTO store_fruit_prices(store_id, fruit_id, price) VALUES (2, 44, 1.79);
INSERT INTO store_fruit_prices(store_id, fruit_id, price) VALUES (2, 46, 2.99);
INSERT INTO store_fruit_prices(store_id, fruit_id, price) VALUES (3, 41, 1.49);
INSERT INTO store_fruit_prices(store_id, fruit_id, price) VALUES (3, 42, 1.29);
INSERT INTO store_fruit_prices(store_id, fruit_id, price) VALUES (3, 45, 3.49);
INSERT INTO store_fruit_prices(store_id, fruit_id, price) VALUES (3, 47, 2.79);
INSERT INTO store_fruit_prices(store_id, fruit_id, price) VALUES (4, 41, 189.99);
INSERT INTO store_fruit_prices(store_id, fruit_id, price) VALUES (4, 43, 99.99);
INSERT INTO store_fruit_prices(store_id, fruit_id, price) VALUES (4, 44, 149.99);
INSERT INTO store_fruit_prices(store_id, fruit_id, price) VALUES (4, 48, 599.99);
INSERT INTO store_fruit_prices(store_id, fruit_id, price) VALUES (5, 41, 1.79);
INSERT INTO store_fruit_prices(store_id, fruit_id, price) VALUES (5, 42, 1.49);
INSERT INTO store_fruit_prices(store_id, fruit_id, price) VALUES (5, 45, 4.99);
INSERT INTO store_fruit_prices(store_id, fruit_id, price) VALUES (5, 49, 6.99);
INSERT INTO store_fruit_prices(store_id, fruit_id, price) VALUES (6, 41, 2.19);
INSERT INTO store_fruit_prices(store_id, fruit_id, price) VALUES (6, 46, 3.99);
INSERT INTO store_fruit_prices(store_id, fruit_id, price) VALUES (6, 48, 5.49);
INSERT INTO store_fruit_prices(store_id, fruit_id, price) VALUES (6, 50, 1.99);
INSERT INTO store_fruit_prices(store_id, fruit_id, price) VALUES (7, 42, 1.39);
INSERT INTO store_fruit_prices(store_id, fruit_id, price) VALUES (7, 44, 1.89);
INSERT INTO store_fruit_prices(store_id, fruit_id, price) VALUES (7, 47, 2.49);
INSERT INTO store_fruit_prices(store_id, fruit_id, price) VALUES (7, 49, 4.99);
INSERT INTO store_fruit_prices(store_id, fruit_id, price) VALUES (8, 41, 25.99);
INSERT INTO store_fruit_prices(store_id, fruit_id, price) VALUES (8, 43, 12.99);
INSERT INTO store_fruit_prices(store_id, fruit_id, price) VALUES (8, 46, 39.99);
INSERT INTO store_fruit_prices(store_id, fruit_id, price) VALUES (8, 48, 49.99);
INSERT INTO store_fruit_prices(store_id, fruit_id, price) VALUES (1, 51, 1.29);
INSERT INTO store_fruit_prices(store_id, fruit_id, price) VALUES (1, 52, 0.99);
INSERT INTO store_fruit_prices(store_id, fruit_id, price) VALUES (1, 53, 0.59);
INSERT INTO store_fruit_prices(store_id, fruit_id, price) VALUES (1, 54, 1.19);
INSERT INTO store_fruit_prices(store_id, fruit_id, price) VALUES (1, 55, 3.99);
INSERT INTO store_fruit_prices(store_id, fruit_id, price) VALUES (2, 51, 2.49);
INSERT INTO store_fruit_prices(store_id, fruit_id, price) VALUES (2, 52, 1.19);
INSERT INTO store_fruit_prices(store_id, fruit_id, price) VALUES (2, 53, 0.89);
INSERT INTO store_fruit_prices(store_id, fruit_id, price) VALUES (2, 54, 1.79);
INSERT INTO store_fruit_prices(store_id, fruit_id, price) VALUES (2, 56, 2.99);
INSERT INTO store_fruit_prices(store_id, fruit_id, price) VALUES (3, 51, 1.49);
INSERT INTO store_fruit_prices(store_id, fruit_id, price) VALUES (3, 52, 1.29);
INSERT INTO store_fruit_prices(store_id, fruit_id, price) VALUES (3, 55, 3.49);
INSERT INTO store_fruit_prices(store_id, fruit_id, price) VALUES (3, 57, 2.79);
INSERT INTO store_fruit_prices(store_id, fruit_id, price) VALUES (4, 51, 189.99);
INSERT INTO store_fruit_prices(store_id, fruit_id, price) VALUES (4, 53, 99.99);
INSERT INTO store_fruit_prices(store_id, fruit_id, price) VALUES (4, 54, 149.99);
INSERT INTO store_fruit_prices(store_id, fruit_id, price) VALUES (4, 58, 599.99);
INSERT INTO store_fruit_prices(store_id, fruit_id, price) VALUES (5, 51, 1.79);
INSERT INTO store_fruit_prices(store_id, fruit_id, price) VALUES (5, 52, 1.49);
INSERT INTO store_fruit_prices(store_id, fruit_id, price) VALUES (5, 55, 4.99);
INSERT INTO store_fruit_prices(store_id, fruit_id, price) VALUES (5, 59, 6.99);
INSERT INTO store_fruit_prices(store_id, fruit_id, price) VALUES (6, 51, 2.19);
INSERT INTO store_fruit_prices(store_id, fruit_id, price) VALUES (6, 56, 3.99);
INSERT INTO store_fruit_prices(store_id, fruit_id, price) VALUES (6, 58, 5.49);
INSERT INTO store_fruit_prices(store_id, fruit_id, price) VALUES (6, 60, 1.99);
INSERT INTO store_fruit_prices(store_id, fruit_id, price) VALUES (7, 52, 1.39);
INSERT INTO store_fruit_prices(store_id, fruit_id, price) VALUES (7, 54, 1.89);
INSERT INTO store_fruit_prices(store_id, fruit_id, price) VALUES (7, 57, 2.49);
INSERT INTO store_fruit_prices(store_id, fruit_id, price) VALUES (7, 59, 4.99);
INSERT INTO store_fruit_prices(store_id, fruit_id, price) VALUES (8, 51, 25.99);
INSERT INTO store_fruit_prices(store_id, fruit_id, price) VALUES (8, 53, 12.99);
INSERT INTO store_fruit_prices(store_id, fruit_id, price) VALUES (8, 56, 39.99);
INSERT INTO store_fruit_prices(store_id, fruit_id, price) VALUES (8, 58, 49.99);
INSERT INTO store_fruit_prices(store_id, fruit_id, price) VALUES (1, 61, 1.29);
INSERT INTO store_fruit_prices(store_id, fruit_id, price) VALUES (1, 62, 0.99);
INSERT INTO store_fruit_prices(store_id, fruit_id, price) VALUES (1, 63, 0.59);
INSERT INTO store_fruit_prices(store_id, fruit_id, price) VALUES (1, 64, 1.19);
INSERT INTO store_fruit_prices(store_id, fruit_id, price) VALUES (1, 65, 3.99);
INSERT INTO store_fruit_prices(store_id, fruit_id, price) VALUES (2, 61, 2.49);
INSERT INTO store_fruit_prices(store_id, fruit_id, price) VALUES (2, 62, 1.19);
INSERT INTO store_fruit_prices(store_id, fruit_id, price) VALUES (2, 63, 0.89);
INSERT INTO store_fruit_prices(store_id, fruit_id, price) VALUES (2, 64, 1.79);
INSERT INTO store_fruit_prices(store_id, fruit_id, price) VALUES (2, 66, 2.99);
INSERT INTO store_fruit_prices(store_id, fruit_id, price) VALUES (3, 61, 1.49);
INSERT INTO store_fruit_prices(store_id, fruit_id, price) VALUES (3, 62, 1.29);
INSERT INTO store_fruit_prices(store_id, fruit_id, price) VALUES (3, 65, 3.49);
INSERT INTO store_fruit_prices(store_id, fruit_id, price) VALUES (3, 67, 2.79);
INSERT INTO store_fruit_prices(store_id, fruit_id, price) VALUES (4, 61, 189.99);
INSERT INTO store_fruit_prices(store_id, fruit_id, price) VALUES (4, 63, 99.99);
INSERT INTO store_fruit_prices(store_id, fruit_id, price) VALUES (4, 64, 149.99);
INSERT INTO store_fruit_prices(store_id, fruit_id, price) VALUES (4, 68, 599.99);
INSERT INTO store_fruit_prices(store_id, fruit_id, price) VALUES (5, 61, 1.79);
INSERT INTO store_fruit_prices(store_id, fruit_id, price) VALUES (5, 62, 1.49);
INSERT INTO store_fruit_prices(store_id, fruit_id, price) VALUES (5, 65, 4.99);
INSERT INTO store_fruit_prices(store_id, fruit_id, price) VALUES (5, 69, 6.99);
INSERT INTO store_fruit_prices(store_id, fruit_id, price) VALUES (6, 61, 2.19);
INSERT INTO store_fruit_prices(store_id, fruit_id, price) VALUES (6, 66, 3.99);
INSERT INTO store_fruit_prices(store_id, fruit_id, price) VALUES (6, 68, 5.49);
INSERT INTO store_fruit_prices(store_id, fruit_id, price) VALUES (6, 70, 1.99);
INSERT INTO store_fruit_prices(store_id, fruit_id, price) VALUES (7, 62, 1.39);
INSERT INTO store_fruit_prices(store_id, fruit_id, price) VALUES (7, 64, 1.89);
INSERT INTO store_fruit_prices(store_id, fruit_id, price) VALUES (7, 67, 2.49);
INSERT INTO store_fruit_prices(store_id, fruit_id, price) VALUES (7, 69, 4.99);
INSERT INTO store_fruit_prices(store_id, fruit_id, price) VALUES (8, 61, 25.99);
INSERT INTO store_fruit_prices(store_id, fruit_id, price) VALUES (8, 63, 12.99);
INSERT INTO store_fruit_prices(store_id, fruit_id, price) VALUES (8, 66, 39.99);
INSERT INTO store_fruit_prices(store_id, fruit_id, price) VALUES (8, 68, 49.99);
INSERT INTO store_fruit_prices(store_id, fruit_id, price) VALUES (1, 71, 1.29);
INSERT INTO store_fruit_prices(store_id, fruit_id, price) VALUES (1, 72, 0.99);
INSERT INTO store_fruit_prices(store_id, fruit_id, price) VALUES (1, 73, 0.59);
INSERT INTO store_fruit_prices(store_id, fruit_id, price) VALUES (1, 74, 1.19);
INSERT INTO store_fruit_prices(store_id, fruit_id, price) VALUES (1, 75, 3.99);
INSERT INTO store_fruit_prices(store_id, fruit_id, price) VALUES (2, 71, 2.49);
INSERT INTO store_fruit_prices(store_id, fruit_id, price) VALUES (2, 72, 1.19);
INSERT INTO store_fruit_prices(store_id, fruit_id, price) VALUES (2, 73, 0.89);
INSERT INTO store_fruit_prices(store_id, fruit_id, price) VALUES (2, 74, 1.79);
INSERT INTO store_fruit_prices(store_id, fruit_id, price) VALUES (2, 76, 2.99);
INSERT INTO store_fruit_prices(store_id, fruit_id, price) VALUES (3, 71, 1.49);
INSERT INTO store_fruit_prices(store_id, fruit_id, price) VALUES (3, 72, 1.29);
INSERT INTO store_fruit_prices(store_id, fruit_id, price) VALUES (3, 75, 3.49);
INSERT INTO store_fruit_prices(store_id, fruit_id, price) VALUES (3, 77, 2.79);
INSERT INTO store_fruit_prices(store_id, fruit_id, price) VALUES (4, 71, 189.99);
INSERT INTO store_fruit_prices(store_id, fruit_id, price) VALUES (4, 73, 99.99);
INSERT INTO store_fruit_prices(store_id, fruit_id, price) VALUES (4, 74, 149.99);
INSERT INTO store_fruit_prices(store_id, fruit_id, price) VALUES (4, 78, 599.99);
INSERT INTO store_fruit_prices(store_id, fruit_id, price) VALUES (5, 71, 1.79);
INSERT INTO store_fruit_prices(store_id, fruit_id, price) VALUES (5, 72, 1.49);
INSERT INTO store_fruit_prices(store_id, fruit_id, price) VALUES (5, 75, 4.99);
INSERT INTO store_fruit_prices(store_id, fruit_id, price) VALUES (5, 79, 6.99);
INSERT INTO store_fruit_prices(store_id, fruit_id, price) VALUES (6, 71, 2.19);
INSERT INTO store_fruit_prices(store_id, fruit_id, price) VALUES (6, 76, 3.99);
INSERT INTO store_fruit_prices(store_id, fruit_id, price) VALUES (6, 78, 5.49);
INSERT INTO store_fruit_prices(store_id, fruit_id, price) VALUES (6, 80, 1.99);
INSERT INTO store_fruit_prices(store_id, fruit_id, price) VALUES (7, 72, 1.39);
INSERT INTO store_fruit_prices(store_id, fruit_id, price) VALUES (7, 74, 1.89);
INSERT INTO store_fruit_prices(store_id, fruit_id, price) VALUES (7, 77, 2.49);
INSERT INTO store_fruit_prices(store_id, fruit_id, price) VALUES (7, 79, 4.99);
INSERT INTO store_fruit_prices(store_id, fruit_id, price) VALUES (8, 71, 25.99);
INSERT INTO store_fruit_prices(store_id, fruit_id, price) VALUES (8, 73, 12.99);
INSERT INTO store_fruit_prices(store_id, fruit_id, price) VALUES (8, 76, 39.99);
INSERT INTO store_fruit_prices(store_id, fruit_id, price) VALUES (8, 78, 49.99);
